{
    "train_loss": [
        0.09634472267180681,
        0.04255616594534367,
        0.030398520300909875,
        0.024961967115631947,
        0.018305062884651124,
        0.013118651468042905,
        0.014667200513785065,
        0.010503829653691356,
        0.009427778149237856,
        0.006526787941795774,
        0.004661735850307741,
        0.008127617224892796,
        0.005301091813440143,
        0.003416992196155964
    ],
    "val_loss": [
        0.05168167425497585,
        0.037787814631307724,
        0.03220533814859353,
        0.01664727485293852,
        0.014581328585421615,
        0.013631868304500508,
        0.012816234924057356,
        0.0127485803358447,
        0.008575648389964479,
        0.008768378778542368,
        0.009847589996575234,
        0.008236670606662538,
        0.008725474949982569,
        0.009456430035597643
    ],
    "rouge-1": [
        0.5566882399554292,
        0.6080517223387754,
        0.6408920762436058,
        0.6699231289034753,
        0.6828680218415373,
        0.6923039660576837,
        0.6805507617234943,
        0.6890398778355791,
        0.6929655106343088,
        0.7104750881333505,
        0.7184270116045669,
        0.7057247683637252,
        0.7186744344351043,
        0.7283346859003141
    ],
    "rouge-2": [
        0.5371498581200562,
        0.5813881682266556,
        0.6103273475237686,
        0.6381749984828361,
        0.6502882305447646,
        0.6589917722291888,
        0.6451479443270219,
        0.6537233045780304,
        0.6618549608784547,
        0.6792592036894388,
        0.6878393536854428,
        0.6737512115879815,
        0.6883812014630408,
        0.6987551253843545
    ],
    "rouge-l": [
        0.5494544242779896,
        0.5981417181578149,
        0.6297211885965374,
        0.6585966930285827,
        0.6712353691765566,
        0.6802153032576069,
        0.6667714172277079,
        0.6758097666051521,
        0.6825683017790634,
        0.7008520262711349,
        0.7098543901455899,
        0.6959344327899623,
        0.7101782540380096,
        0.7205566433873763
    ],
    "bleu": [
        0.3616103632001511,
        0.4338643485127966,
        0.482645433292237,
        0.5194635876461041,
        0.5396405980187629,
        0.5519557559307178,
        0.5371007937710407,
        0.5493936139625173,
        0.5500290220388699,
        0.5754366089748664,
        0.5859710708030177,
        0.5672555194671078,
        0.5861659309344136,
        0.5974048674225203
    ],
    "entity_recall": [
        0.0,
        0.0,
        0.3458514846636886,
        0.36399070188135774,
        0.0,
        0.38569883228540797,
        0.0,
        0.0,
        0.0,
        0.0,
        0.3886828470269209,
        0.0,
        0.0,
        0.38671952985667546
    ],
    "entity_precision": [
        0.0,
        0.0,
        0.9228439990008483,
        0.9141320434490452,
        0.0,
        0.912633502938795,
        0.0,
        0.0,
        0.0,
        0.0,
        0.895770643318662,
        0.0,
        0.0,
        0.8918687189652672
    ],
    "entity_f1": [
        0.0,
        0.0,
        0.4841374183136299,
        0.5035779782778782,
        0.0,
        0.5279304645949681,
        0.0,
        0.0,
        0.0,
        0.0,
        0.5277809184978687,
        0.0,
        0.0,
        0.525310222676345
    ],
    
    "sample_sizes": [
        20000,
        20000,
        20000,
        30000,
        30000,
        30000,
        40000,
        40000,
        50000,
        50000,
        50000,
        60000,
        60000,
        60000
    ],
    "epoch_runtime_seconds": [
        8672.51494050026,
        8995.324599266052,
        10479.473181962967,
        11435.338197946548,
        9654.899750232697,
        11233.863756656647,
        10212.636736392975,
        10201.882169008255,
        10941.365257501602,
        11108.090824604034,
        12729.589122056961,
        11574.785244226456,
        11526.371685504913,
        13721.726319551468
    ]
}